{
  "label": "after",
  "timestamp": "2025-11-12T15:05:39.374628",
  "results": {
    "Benchmark Radar Query (Monthly)": {
      "min": 0.0558319091796875,
      "max": 0.21538829803466797,
      "mean": 0.11570258140563965,
      "median": 0.0717320442199707,
      "stdev": 0.07389610105880395,
      "times": [
        0.21538829803466797,
        0.0558319091796875,
        0.0717320442199707,
        0.1742548942565918,
        0.06130576133728027
      ]
    },
    "Year Query": {
      "min": 0.2410261631011963,
      "max": 0.507667064666748,
      "mean": 0.3407731056213379,
      "median": 0.27362608909606934,
      "stdev": 0.14545062381477117,
      "times": [
        0.507667064666748,
        0.2410261631011963,
        0.27362608909606934
      ]
    },
    "Dimension Query (Source)": {
      "min": 0.052190303802490234,
      "max": 0.08778214454650879,
      "mean": 0.0756227970123291,
      "median": 0.08689594268798828,
      "stdev": 0.020297971375370736,
      "times": [
        0.08689594268798828,
        0.08778214454650879,
        0.052190303802490234
      ]
    },
    "Dashboard KPIs": {
      "min": 0.09134697914123535,
      "max": 0.17961883544921875,
      "mean": 0.13386478424072265,
      "median": 0.13155198097229004,
      "stdev": 0.03569563996657151,
      "times": [
        0.10901308059692383,
        0.17961883544921875,
        0.09134697914123535,
        0.13155198097229004,
        0.1577930450439453
      ]
    },
    "Filter Options": {
      "min": 0.12335991859436035,
      "max": 0.2992382049560547,
      "mean": 0.22678597768147787,
      "median": 0.25775980949401855,
      "stdev": 0.09193925492544089,
      "times": [
        0.25775980949401855,
        0.12335991859436035,
        0.2992382049560547
      ]
    }
  },
  "summary": {
    "successful_tests": 5,
    "total_tests": 5,
    "average_time": 0.17854984919230144
  }
}