{
  "label": "before",
  "timestamp": "2025-11-12T15:04:07.744137",
  "results": {
    "Benchmark Radar Query (Monthly)": {
      "min": 0.09029698371887207,
      "max": 0.7170076370239258,
      "mean": 0.3284327983856201,
      "median": 0.31989502906799316,
      "stdev": 0.24635035137583547,
      "times": [
        0.7170076370239258,
        0.3690931797027588,
        0.09029698371887207,
        0.14587116241455078,
        0.31989502906799316
      ]
    },
    "Year Query": {
      "min": 0.07528376579284668,
      "max": 0.48729610443115234,
      "mean": 0.2435922622680664,
      "median": 0.1681969165802002,
      "stdev": 0.21610619012674326,
      "times": [
        0.48729610443115234,
        0.1681969165802002,
        0.07528376579284668
      ]
    },
    "Dimension Query (Source)": {
      "min": 0.08047795295715332,
      "max": 0.5602140426635742,
      "mean": 0.34098466237386066,
      "median": 0.3822619915008545,
      "stdev": 0.24251709706038338,
      "times": [
        0.3822619915008545,
        0.08047795295715332,
        0.5602140426635742
      ]
    },
    "Dashboard KPIs": {
      "min": 0.09115481376647949,
      "max": 0.27316713333129883,
      "mean": 0.17029757499694825,
      "median": 0.16222286224365234,
      "stdev": 0.07760018508274863,
      "times": [
        0.22185897827148438,
        0.16222286224365234,
        0.09115481376647949,
        0.27316713333129883,
        0.10308408737182617
      ]
    },
    "Filter Options": {
      "min": 0.18663787841796875,
      "max": 0.7203128337860107,
      "mean": 0.38018234570821124,
      "median": 0.2335963249206543,
      "stdev": 0.29549591471713776,
      "times": [
        0.2335963249206543,
        0.7203128337860107,
        0.18663787841796875
      ]
    }
  },
  "summary": {
    "successful_tests": 5,
    "total_tests": 5,
    "average_time": 0.2926979287465413
  }
}